INSERT  INTO provinces VALUES ( 'F873EB9E-9945-4681-9960-009A7192E4D3', SYSDATE(), 'SYS', NULL, NULL, '北京', '010' );
INSERT  INTO provinces VALUES ( 'DDC8783E-A1A0-4DC9-87F9-00DDEFDA2F62', SYSDATE(), 'SYS', NULL, NULL, '安徽', '020' );
INSERT  INTO provinces VALUES ( 'A69AF6F7-E395-4AEF-AE8D-074AA39ABA9B', SYSDATE(), 'SYS', NULL, NULL, '福建', '030' );
INSERT  INTO provinces VALUES ( 'ABC3B6ED-D2CE-444F-AA05-0E35490DEA7B', SYSDATE(), 'SYS', NULL, NULL, '甘肃', '040' );
INSERT  INTO provinces VALUES ( 'B604DF4D-04CF-41FE-B26A-28D2B017D300', SYSDATE(), 'SYS', NULL, NULL, '广东', '050' );
INSERT  INTO provinces VALUES ( '5379AEFF-DFD7-40DA-9EB9-2A8FA1F4CD97', SYSDATE(), 'SYS', NULL, NULL, '广西', '060' );
INSERT  INTO provinces VALUES ( 'AC8C21D5-F21E-483D-9DF2-34F31C7DB70C', SYSDATE(), 'SYS', NULL, NULL, '贵州', '070' );
INSERT  INTO provinces VALUES ( '84391371-C2DD-40E9-B0D0-446DE3FAD1B4', SYSDATE(), 'SYS', NULL, NULL, '海南', '080' );
INSERT  INTO provinces VALUES ( '616529E3-7B90-43CA-83E6-50F7C6E29D60', SYSDATE(), 'SYS', NULL, NULL, '河北', '090' );
INSERT  INTO provinces VALUES ( 'C2A0A156-5C84-4BB7-AC0E-5E00E34A6F77', SYSDATE(), 'SYS', NULL, NULL, '河南', '100' );
INSERT  INTO provinces VALUES ( '9AC4A01D-1B9A-40D2-B1EF-5F3BF8CF32C8', SYSDATE(), 'SYS', NULL, NULL, '黑龙江','110' );
INSERT  INTO provinces VALUES ( '8A7F2FF9-68D0-4C4C-A290-6049ACCC0E76', SYSDATE(), 'SYS', NULL, NULL, '湖北', '120' );
INSERT  INTO provinces VALUES ( '5032F711-E5B0-4080-9C96-6438DA8BDC64', SYSDATE(), 'SYS', NULL, NULL, '湖南', '130' );
INSERT  INTO provinces VALUES ( 'C1605ABA-36A7-4D29-A48C-70AC8FD9CB92', SYSDATE(), 'SYS', NULL, NULL, '吉林', '140' );
INSERT  INTO provinces VALUES ( 'C4BCE3E0-9117-4005-9CA0-747AFED847D4', SYSDATE(), 'SYS', NULL, NULL, '江苏', '150' );
INSERT  INTO provinces VALUES ( 'B0740D1C-34EC-4C66-830D-82A725E1697E', SYSDATE(), 'SYS', NULL, NULL, '江西', '160' );
INSERT  INTO provinces VALUES ( '29E9951D-D523-45EE-AB57-85692748B7DE', SYSDATE(), 'SYS', NULL, NULL, '辽宁', '170' );
INSERT  INTO provinces VALUES ( '73EDB387-B024-425C-8E61-8C8681D2AAF7', SYSDATE(), 'SYS', NULL, NULL, '内蒙古','180' );
INSERT  INTO provinces VALUES ( '0FBB255C-36B5-4F0D-985A-95741C871CFF', SYSDATE(), 'SYS', NULL, NULL, '宁夏', '190' );
INSERT  INTO provinces VALUES ( '582C335D-02DC-4706-B4CA-A1A7B2F2D466', SYSDATE(), 'SYS', NULL, NULL, '青海', '200' );
INSERT  INTO provinces VALUES ( '623027C1-85DA-445A-80DC-A5189B29801E', SYSDATE(), 'SYS', NULL, NULL, '山东', '210' );
INSERT  INTO provinces VALUES ( 'B1908150-4657-4940-8D7C-AD90C96546A4', SYSDATE(), 'SYS', NULL, NULL, '山西', '220' );
INSERT  INTO provinces VALUES ( '6FC91D7F-E402-4A16-8CB5-AEC4588BDAEE', SYSDATE(), 'SYS', NULL, NULL, '陕西', '230' );
INSERT  INTO provinces VALUES ( '67F9358F-6180-4226-B87C-AFC04E745E03', SYSDATE(), 'SYS', NULL, NULL, '上海', '240' );
INSERT  INTO provinces VALUES ( '7A78243C-B80D-4E34-B235-BEAAFED2C420', SYSDATE(), 'SYS', NULL, NULL, '四川', '250' );
INSERT  INTO provinces VALUES ( 'EDC686EA-D41C-46F0-9066-C274CBD0E6AF', SYSDATE(), 'SYS', NULL, NULL, '天津', '260' );
INSERT  INTO provinces VALUES ( '845AE5BD-4100-4CDC-A1A9-D8109ABF2D76', SYSDATE(), 'SYS', NULL, NULL, '西藏', '270' );
INSERT  INTO provinces VALUES ( '81C315C6-6A90-4ED2-A373-D81AD8D126D7', SYSDATE(), 'SYS', NULL, NULL, '新疆', '280' );
INSERT  INTO provinces VALUES ( '301B1E52-335E-4698-ABFF-DAA4477357F7', SYSDATE(), 'SYS', NULL, NULL, '云南', '290' );
INSERT  INTO provinces VALUES ( 'ADE76979-D6D6-4150-9F4E-E4BBD800704D', SYSDATE(), 'SYS', NULL, NULL, '浙江', '300' );
INSERT  INTO provinces VALUES ( 'E6C0C5F7-F5C0-4659-AF3A-E64F3BA59DA6', SYSDATE(), 'SYS', NULL, NULL, '重庆', '310' );
INSERT  INTO provinces VALUES ( 'CEA3524A-4BF3-4360-8754-FC394C294F23', SYSDATE(), 'SYS', NULL, NULL, '香港', '320' );
INSERT  INTO provinces VALUES ( '3DD55460-C2A0-40D8-BB73-FD81B9D38D57', SYSDATE(), 'SYS', NULL, NULL, '澳门', '330' );
INSERT  INTO provinces VALUES ( 'CE4CA921-1B65-4B3F-9C0B-FDB4B68DD37F', SYSDATE(), 'SYS', NULL, NULL, '台湾', '340' );

INSERT  INTO cities VALUES  ( UUID(), SYSDATE(), 'SYS', NULL, NULL, 'F873EB9E-9945-4681-9960-009A7192E4D3', '北京', '116.395645,39.929986' );
INSERT  INTO cities VALUES  ( UUID(), SYSDATE(), 'SYS', NULL, NULL, 'DDC8783E-A1A0-4DC9-87F9-00DDEFDA2F62', '安庆', '117.058739,30.537898' );
INSERT  INTO cities VALUES  ( UUID(), SYSDATE(), 'SYS', NULL, NULL, 'DDC8783E-A1A0-4DC9-87F9-00DDEFDA2F62', '蚌埠', '117.35708,32.929499' );
INSERT  INTO cities VALUES  ( UUID(), SYSDATE(), 'SYS', NULL, NULL, 'DDC8783E-A1A0-4DC9-87F9-00DDEFDA2F62', '巢湖', '117.771783,31.676059' );
INSERT  INTO cities VALUES  ( UUID(), SYSDATE(), 'SYS', NULL, NULL, 'DDC8783E-A1A0-4DC9-87F9-00DDEFDA2F62', '池州', '117.494477,30.660019' );
INSERT  INTO cities VALUES  ( UUID(), SYSDATE(), 'SYS', NULL, NULL, 'DDC8783E-A1A0-4DC9-87F9-00DDEFDA2F62', '滁州', '118.32457,32.317351' );
INSERT  INTO cities VALUES  ( UUID(), SYSDATE(), 'SYS', NULL, NULL, 'DDC8783E-A1A0-4DC9-87F9-00DDEFDA2F62', '阜阳', '115.820932,32.901211' );
INSERT  INTO cities VALUES  ( UUID(), SYSDATE(), 'SYS', NULL, NULL, 'DDC8783E-A1A0-4DC9-87F9-00DDEFDA2F62', '淮北', '116.791447,33.960023' );
INSERT  INTO cities VALUES  ( UUID(), SYSDATE(), 'SYS', NULL, NULL, 'DDC8783E-A1A0-4DC9-87F9-00DDEFDA2F62', '淮南', '117.018639,32.642812' );
INSERT  INTO cities VALUES  ( UUID(), SYSDATE(), 'SYS', NULL, NULL, 'DDC8783E-A1A0-4DC9-87F9-00DDEFDA2F62', '黄山', '118.29357,29.734435' );
INSERT  INTO cities VALUES  ( UUID(), SYSDATE(), 'SYS', NULL, NULL, 'DDC8783E-A1A0-4DC9-87F9-00DDEFDA2F62', '六安', '116.505253,31.755558' );
INSERT  INTO cities VALUES  ( UUID(), SYSDATE(), 'SYS', NULL, NULL, 'DDC8783E-A1A0-4DC9-87F9-00DDEFDA2F62', '马鞍山', '118.515882,31.688528' );
INSERT  INTO cities VALUES  ( UUID(), SYSDATE(), 'SYS', NULL, NULL, 'DDC8783E-A1A0-4DC9-87F9-00DDEFDA2F62', '宿州', '116.988692,33.636772' );
INSERT  INTO cities VALUES  ( UUID(), SYSDATE(), 'SYS', NULL, NULL, 'DDC8783E-A1A0-4DC9-87F9-00DDEFDA2F62', '铜陵', '117.819429,30.94093' );
INSERT  INTO cities VALUES  ( UUID(), SYSDATE(), 'SYS', NULL, NULL, 'DDC8783E-A1A0-4DC9-87F9-00DDEFDA2F62', '芜湖', '118.384108,31.36602' );
INSERT  INTO cities VALUES  ( UUID(), SYSDATE(), 'SYS', NULL, NULL, 'DDC8783E-A1A0-4DC9-87F9-00DDEFDA2F62', '宣城', '118.752096,30.951642' );
INSERT  INTO cities VALUES  ( UUID(), SYSDATE(), 'SYS', NULL, NULL, 'DDC8783E-A1A0-4DC9-87F9-00DDEFDA2F62', '亳州', '115.787928,33.871211' );
INSERT  INTO cities VALUES  ( UUID(), SYSDATE(), 'SYS', NULL, NULL, 'DDC8783E-A1A0-4DC9-87F9-00DDEFDA2F62', '合肥', '117.282699,31.866942' );
INSERT  INTO cities VALUES ( UUID(), SYSDATE(), 'SYS', NULL, NULL, 'A69AF6F7-E395-4AEF-AE8D-074AA39ABA9B', '福州', '119.330221,26.047125');
INSERT  INTO cities VALUES ( UUID(), SYSDATE(), 'SYS', NULL, NULL, 'A69AF6F7-E395-4AEF-AE8D-074AA39ABA9B', '龙岩', '117.017997,25.078685');
INSERT  INTO cities VALUES ( UUID(), SYSDATE(), 'SYS', NULL, NULL, 'A69AF6F7-E395-4AEF-AE8D-074AA39ABA9B', '南平', '118.181883,26.643626');
INSERT  INTO cities VALUES ( UUID(), SYSDATE(), 'SYS', NULL, NULL, 'A69AF6F7-E395-4AEF-AE8D-074AA39ABA9B', '宁德', '119.542082,26.656527');
INSERT  INTO cities VALUES ( UUID(), SYSDATE(), 'SYS', NULL, NULL, 'A69AF6F7-E395-4AEF-AE8D-074AA39ABA9B', '莆田', '119.077731,25.44845');
INSERT  INTO cities VALUES ( UUID(), SYSDATE(), 'SYS', NULL, NULL, 'A69AF6F7-E395-4AEF-AE8D-074AA39ABA9B', '泉州', '118.600362,24.901652');
INSERT  INTO cities VALUES ( UUID(), SYSDATE(), 'SYS', NULL, NULL, 'A69AF6F7-E395-4AEF-AE8D-074AA39ABA9B', '三明', '117.642194,26.270835');
INSERT  INTO cities VALUES ( UUID(), SYSDATE(), 'SYS', NULL, NULL, 'A69AF6F7-E395-4AEF-AE8D-074AA39ABA9B', '厦门', '118.103886,24.489231');
INSERT  INTO cities VALUES ( UUID(), SYSDATE(), 'SYS', NULL, NULL, 'A69AF6F7-E395-4AEF-AE8D-074AA39ABA9B', '漳州', '117.676205,24.51706');
INSERT  INTO cities VALUES ( UUID(), SYSDATE(), 'SYS', NULL, NULL, 'ABC3B6ED-D2CE-444F-AA05-0E35490DEA7B', '兰州', '103.823305,36.064226');
INSERT  INTO cities VALUES ( UUID(), SYSDATE(), 'SYS', NULL, NULL, 'ABC3B6ED-D2CE-444F-AA05-0E35490DEA7B', '白银', '104.205649,36.501822');
INSERT  INTO cities VALUES ( UUID(), SYSDATE(), 'SYS', NULL, NULL, 'ABC3B6ED-D2CE-444F-AA05-0E35490DEA7B', '定西', '104.626638,35.586056');
INSERT  INTO cities VALUES ( UUID(), SYSDATE(), 'SYS', NULL, NULL, 'ABC3B6ED-D2CE-444F-AA05-0E35490DEA7B', '甘南', '102.917442,34.992211');
INSERT  INTO cities VALUES ( UUID(), SYSDATE(), 'SYS', NULL, NULL, 'ABC3B6ED-D2CE-444F-AA05-0E35490DEA7B', '嘉峪关', '98.281635,39.802397');
INSERT  INTO cities VALUES ( UUID(), SYSDATE(), 'SYS', NULL, NULL, 'ABC3B6ED-D2CE-444F-AA05-0E35490DEA7B', '金昌', '102.208126,38.516072');
INSERT  INTO cities VALUES ( UUID(), SYSDATE(), 'SYS', NULL, NULL, 'ABC3B6ED-D2CE-444F-AA05-0E35490DEA7B', '酒泉', '98.508415,39.741474');
INSERT  INTO cities VALUES ( UUID(), SYSDATE(), 'SYS', NULL, NULL, 'ABC3B6ED-D2CE-444F-AA05-0E35490DEA7B', '临夏', '103.200576,35.585835');
INSERT  INTO cities VALUES ( UUID(), SYSDATE(), 'SYS', NULL, NULL, 'ABC3B6ED-D2CE-444F-AA05-0E35490DEA7B', '陇南', '104.934573,33.39448');
INSERT  INTO cities VALUES ( UUID(), SYSDATE(), 'SYS', NULL, NULL, 'ABC3B6ED-D2CE-444F-AA05-0E35490DEA7B', '平凉', '106.688911,35.55011');
INSERT  INTO cities VALUES ( UUID(), SYSDATE(), 'SYS', NULL, NULL, 'ABC3B6ED-D2CE-444F-AA05-0E35490DEA7B', '庆阳', '107.644227,35.726801');
INSERT  INTO cities VALUES ( UUID(), SYSDATE(), 'SYS', NULL, NULL, 'ABC3B6ED-D2CE-444F-AA05-0E35490DEA7B', '天水', '105.736932,34.584319');
INSERT  INTO cities VALUES ( UUID(), SYSDATE(), 'SYS', NULL, NULL, 'ABC3B6ED-D2CE-444F-AA05-0E35490DEA7B', '武威', '102.640147,37.933172');
INSERT  INTO cities VALUES ( UUID(), SYSDATE(), 'SYS', NULL, NULL, 'ABC3B6ED-D2CE-444F-AA05-0E35490DEA7B', '张掖', '100.459892,38.93932');
INSERT  INTO cities VALUES ( UUID(), SYSDATE(), 'SYS', NULL, NULL, 'B604DF4D-04CF-41FE-B26A-28D2B017D300', '广州', '113.30765,23.120049');
INSERT  INTO cities VALUES ( UUID(), SYSDATE(), 'SYS', NULL, NULL, 'B604DF4D-04CF-41FE-B26A-28D2B017D300', '深圳', '114.025974,22.546054');
INSERT  INTO cities VALUES ( UUID(), SYSDATE(), 'SYS', NULL, NULL, 'B604DF4D-04CF-41FE-B26A-28D2B017D300', '潮州', '116.630076,23.661812');
INSERT  INTO cities VALUES ( UUID(), SYSDATE(), 'SYS', NULL, NULL, 'B604DF4D-04CF-41FE-B26A-28D2B017D300', '东莞', '113.763434,23.043024');
INSERT  INTO cities VALUES ( UUID(), SYSDATE(), 'SYS', NULL, NULL, 'B604DF4D-04CF-41FE-B26A-28D2B017D300', '佛山', '113.134026,23.035095');
INSERT  INTO cities VALUES ( UUID(), SYSDATE(), 'SYS', NULL, NULL, 'B604DF4D-04CF-41FE-B26A-28D2B017D300', '河源', '114.713721,23.757251');
INSERT  INTO cities VALUES ( UUID(), SYSDATE(), 'SYS', NULL, NULL, 'B604DF4D-04CF-41FE-B26A-28D2B017D300', '惠州', '114.410658,23.11354');
INSERT  INTO cities VALUES ( UUID(), SYSDATE(), 'SYS', NULL, NULL, 'B604DF4D-04CF-41FE-B26A-28D2B017D300', '江门', '113.078125,22.575117');
INSERT  INTO cities VALUES ( UUID(), SYSDATE(), 'SYS', NULL, NULL, 'B604DF4D-04CF-41FE-B26A-28D2B017D300', '揭阳', '116.379501,23.547999');
INSERT  INTO cities VALUES ( UUID(), SYSDATE(), 'SYS', NULL, NULL, 'B604DF4D-04CF-41FE-B26A-28D2B017D300', '茂名', '110.931245,21.668226');
INSERT  INTO cities VALUES ( UUID(), SYSDATE(), 'SYS', NULL, NULL, 'B604DF4D-04CF-41FE-B26A-28D2B017D300', '梅州', '116.126403,24.304571');
INSERT  INTO cities VALUES ( UUID(), SYSDATE(), 'SYS', NULL, NULL, 'B604DF4D-04CF-41FE-B26A-28D2B017D300', '清远', '113.040773,23.698469');
INSERT  INTO cities VALUES ( UUID(), SYSDATE(), 'SYS', NULL, NULL, 'B604DF4D-04CF-41FE-B26A-28D2B017D300', '汕头', '116.72865,23.383908');
INSERT  INTO cities VALUES ( UUID(), SYSDATE(), 'SYS', NULL, NULL, 'B604DF4D-04CF-41FE-B26A-28D2B017D300', '汕尾', '115.372924,22.778731');
INSERT  INTO cities VALUES ( UUID(), SYSDATE(), 'SYS', NULL, NULL, 'B604DF4D-04CF-41FE-B26A-28D2B017D300', '韶关', '113.594461,24.80296');
INSERT  INTO cities VALUES ( UUID(), SYSDATE(), 'SYS', NULL, NULL, 'B604DF4D-04CF-41FE-B26A-28D2B017D300', '阳江', '111.97701,21.871517');
INSERT  INTO cities VALUES ( UUID(), SYSDATE(), 'SYS', NULL, NULL, 'B604DF4D-04CF-41FE-B26A-28D2B017D300', '云浮', '112.050946,22.937976');
INSERT  INTO cities VALUES ( UUID(), SYSDATE(), 'SYS', NULL, NULL, 'B604DF4D-04CF-41FE-B26A-28D2B017D300', '湛江', '110.365067,21.257463');
INSERT  INTO cities VALUES ( UUID(), SYSDATE(), 'SYS', NULL, NULL, 'B604DF4D-04CF-41FE-B26A-28D2B017D300', '肇庆', '112.479653,23.078663');
INSERT  INTO cities VALUES ( UUID(), SYSDATE(), 'SYS', NULL, NULL, 'B604DF4D-04CF-41FE-B26A-28D2B017D300', '中山', '113.42206,22.545178');
INSERT  INTO cities VALUES ( UUID(), SYSDATE(), 'SYS', NULL, NULL, 'B604DF4D-04CF-41FE-B26A-28D2B017D300', '珠海', '113.562447,22.256915');
INSERT  INTO cities VALUES ( UUID(), SYSDATE(), 'SYS', NULL, NULL, '5379AEFF-DFD7-40DA-9EB9-2A8FA1F4CD97', '南宁', '108.297234,22.806493');
INSERT  INTO cities VALUES ( UUID(), SYSDATE(), 'SYS', NULL, NULL, '5379AEFF-DFD7-40DA-9EB9-2A8FA1F4CD97', '桂林', '110.26092,25.262901');
INSERT  INTO cities VALUES ( UUID(), SYSDATE(), 'SYS', NULL, NULL, '5379AEFF-DFD7-40DA-9EB9-2A8FA1F4CD97', '百色', '106.631821,23.901512');
INSERT  INTO cities VALUES ( UUID(), SYSDATE(), 'SYS', NULL, NULL, '5379AEFF-DFD7-40DA-9EB9-2A8FA1F4CD97', '北海', '109.122628,21.472718');
INSERT  INTO cities VALUES ( UUID(), SYSDATE(), 'SYS', NULL, NULL, '5379AEFF-DFD7-40DA-9EB9-2A8FA1F4CD97', '崇左', '107.357322,22.415455');
INSERT  INTO cities VALUES ( UUID(), SYSDATE(), 'SYS', NULL, NULL, '5379AEFF-DFD7-40DA-9EB9-2A8FA1F4CD97', '防城港', '108.351791,21.617398');
INSERT  INTO cities VALUES ( UUID(), SYSDATE(), 'SYS', NULL, NULL, '5379AEFF-DFD7-40DA-9EB9-2A8FA1F4CD97', '贵港', '109.613708,23.103373');
INSERT  INTO cities VALUES ( UUID(), SYSDATE(), 'SYS', NULL, NULL, '5379AEFF-DFD7-40DA-9EB9-2A8FA1F4CD97', '河池', '108.069948,24.699521');
INSERT  INTO cities VALUES ( UUID(), SYSDATE(), 'SYS', NULL, NULL, '5379AEFF-DFD7-40DA-9EB9-2A8FA1F4CD97', '贺州', '111.552594,24.411054');
INSERT  INTO cities VALUES ( UUID(), SYSDATE(), 'SYS', NULL, NULL, '5379AEFF-DFD7-40DA-9EB9-2A8FA1F4CD97', '来宾', '109.231817,23.741166');
INSERT  INTO cities VALUES ( UUID(), SYSDATE(), 'SYS', NULL, NULL, '5379AEFF-DFD7-40DA-9EB9-2A8FA1F4CD97', '柳州', '109.422402,24.329053');
INSERT  INTO cities VALUES ( UUID(), SYSDATE(), 'SYS', NULL, NULL, '5379AEFF-DFD7-40DA-9EB9-2A8FA1F4CD97', '钦州', '108.638798,21.97335');
INSERT  INTO cities VALUES ( UUID(), SYSDATE(), 'SYS', NULL, NULL, '5379AEFF-DFD7-40DA-9EB9-2A8FA1F4CD97', '梧州', '111.305472,23.485395');
INSERT  INTO cities VALUES ( UUID(), SYSDATE(), 'SYS', NULL, NULL, '5379AEFF-DFD7-40DA-9EB9-2A8FA1F4CD97', '玉林', '110.151676,22.643974');
INSERT  INTO cities VALUES ( UUID(), SYSDATE(), 'SYS', NULL, NULL, 'AC8C21D5-F21E-483D-9DF2-34F31C7DB70C', '贵阳', '106.709177,26.629907');
INSERT  INTO cities VALUES ( UUID(), SYSDATE(), 'SYS', NULL, NULL, 'AC8C21D5-F21E-483D-9DF2-34F31C7DB70C', '安顺', '105.92827,26.228595');
INSERT  INTO cities VALUES ( UUID(), SYSDATE(), 'SYS', NULL, NULL, 'AC8C21D5-F21E-483D-9DF2-34F31C7DB70C', '毕节', '105.333323,27.408562');
INSERT  INTO cities VALUES ( UUID(), SYSDATE(), 'SYS', NULL, NULL, 'AC8C21D5-F21E-483D-9DF2-34F31C7DB70C', '六盘水', '104.852087,26.591866');
INSERT  INTO cities VALUES ( UUID(), SYSDATE(), 'SYS', NULL, NULL, 'AC8C21D5-F21E-483D-9DF2-34F31C7DB70C', '黔东南', '107.985353,26.583992');
INSERT  INTO cities VALUES ( UUID(), SYSDATE(), 'SYS', NULL, NULL, 'AC8C21D5-F21E-483D-9DF2-34F31C7DB70C', '黔南', '107.523205,26.264536');
INSERT  INTO cities VALUES ( UUID(), SYSDATE(), 'SYS', NULL, NULL, 'AC8C21D5-F21E-483D-9DF2-34F31C7DB70C', '黔西南', '104.900558,25.095148');
INSERT  INTO cities VALUES ( UUID(), SYSDATE(), 'SYS', NULL, NULL, 'AC8C21D5-F21E-483D-9DF2-34F31C7DB70C', '铜仁', '109.168558,27.674903');
INSERT  INTO cities VALUES ( UUID(), SYSDATE(), 'SYS', NULL, NULL, 'AC8C21D5-F21E-483D-9DF2-34F31C7DB70C', '遵义', '106.93126,27.699961');
INSERT  INTO cities VALUES ( UUID(), SYSDATE(), 'SYS', NULL, NULL, '84391371-C2DD-40E9-B0D0-446DE3FAD1B4', '海口', '110.330802,20.022071');
INSERT  INTO cities VALUES ( UUID(), SYSDATE(), 'SYS', NULL, NULL, '84391371-C2DD-40E9-B0D0-446DE3FAD1B4', '三亚', '109.522771,18.257776');
INSERT  INTO cities VALUES ( UUID(), SYSDATE(), 'SYS', NULL, NULL, '84391371-C2DD-40E9-B0D0-446DE3FAD1B4', '白沙', '109.358586,19.216056');
INSERT  INTO cities VALUES ( UUID(), SYSDATE(), 'SYS', NULL, NULL, '84391371-C2DD-40E9-B0D0-446DE3FAD1B4', '保亭', '109.656113,18.597592');
INSERT  INTO cities VALUES ( UUID(), SYSDATE(), 'SYS', NULL, NULL, '84391371-C2DD-40E9-B0D0-446DE3FAD1B4', '昌江', '109.0113,19.222483');
INSERT  INTO cities VALUES ( UUID(), SYSDATE(), 'SYS', NULL, NULL, '84391371-C2DD-40E9-B0D0-446DE3FAD1B4', '澄迈县', '109.996736,19.693135');
INSERT  INTO cities VALUES ( UUID(), SYSDATE(), 'SYS', NULL, NULL, '84391371-C2DD-40E9-B0D0-446DE3FAD1B4', '定安县', '110.32009,19.490991');
INSERT  INTO cities VALUES ( UUID(), SYSDATE(), 'SYS', NULL, NULL, '84391371-C2DD-40E9-B0D0-446DE3FAD1B4', '东方', '108.85101,18.998161');
INSERT  INTO cities VALUES ( UUID(), SYSDATE(), 'SYS', NULL, NULL, '84391371-C2DD-40E9-B0D0-446DE3FAD1B4', '乐东', '109.062698,18.658614');
INSERT  INTO cities VALUES ( UUID(), SYSDATE(), 'SYS', NULL, NULL, '84391371-C2DD-40E9-B0D0-446DE3FAD1B4', '临高县', '109.724102,19.805922');
INSERT  INTO cities VALUES ( UUID(), SYSDATE(), 'SYS', NULL, NULL, '84391371-C2DD-40E9-B0D0-446DE3FAD1B4', '陵水', '109.948661,18.575985');
INSERT  INTO cities VALUES ( UUID(), SYSDATE(), 'SYS', NULL, NULL, '84391371-C2DD-40E9-B0D0-446DE3FAD1B4', '琼海', '110.414359,19.21483');
INSERT  INTO cities VALUES ( UUID(), SYSDATE(), 'SYS', NULL, NULL, '84391371-C2DD-40E9-B0D0-446DE3FAD1B4', '琼中', '109.861849,19.039771');
INSERT  INTO cities VALUES ( UUID(), SYSDATE(), 'SYS', NULL, NULL, '84391371-C2DD-40E9-B0D0-446DE3FAD1B4', '屯昌县', '110.063364,19.347749');
INSERT  INTO cities VALUES ( UUID(), SYSDATE(), 'SYS', NULL, NULL, '84391371-C2DD-40E9-B0D0-446DE3FAD1B4', '万宁', '110.292505,18.839886');
INSERT  INTO cities VALUES ( UUID(), SYSDATE(), 'SYS', NULL, NULL, '84391371-C2DD-40E9-B0D0-446DE3FAD1B4', '文昌', '110.780909,19.750947');
INSERT  INTO cities VALUES ( UUID(), SYSDATE(), 'SYS', NULL, NULL, '84391371-C2DD-40E9-B0D0-446DE3FAD1B4', '五指山', '109.51775,18.831306');
INSERT  INTO cities VALUES ( UUID(), SYSDATE(), 'SYS', NULL, NULL, '84391371-C2DD-40E9-B0D0-446DE3FAD1B4', '儋州', '109.334586,19.574788');
INSERT  INTO cities VALUES ( UUID(), SYSDATE(), 'SYS', NULL, NULL, '616529E3-7B90-43CA-83E6-50F7C6E29D60', '石家庄', '114.522082,38.048958');
INSERT  INTO cities VALUES ( UUID(), SYSDATE(), 'SYS', NULL, NULL, '616529E3-7B90-43CA-83E6-50F7C6E29D60', '保定', '115.49481,38.886565');
INSERT  INTO cities VALUES ( UUID(), SYSDATE(), 'SYS', NULL, NULL, '616529E3-7B90-43CA-83E6-50F7C6E29D60', '沧州', '116.863806,38.297615');
INSERT  INTO cities VALUES ( UUID(), SYSDATE(), 'SYS', NULL, NULL, '616529E3-7B90-43CA-83E6-50F7C6E29D60', '承德', '117.933822,40.992521');
INSERT  INTO cities VALUES ( UUID(), SYSDATE(), 'SYS', NULL, NULL, '616529E3-7B90-43CA-83E6-50F7C6E29D60', '邯郸', '114.482694,36.609308');
INSERT  INTO cities VALUES ( UUID(), SYSDATE(), 'SYS', NULL, NULL, '616529E3-7B90-43CA-83E6-50F7C6E29D60', '衡水', '115.686229,37.746929');
INSERT  INTO cities VALUES ( UUID(), SYSDATE(), 'SYS', NULL, NULL, '616529E3-7B90-43CA-83E6-50F7C6E29D60', '廊坊', '116.703602,39.518611');
INSERT  INTO cities VALUES ( UUID(), SYSDATE(), 'SYS', NULL, NULL, '616529E3-7B90-43CA-83E6-50F7C6E29D60', '秦皇岛', '119.604368,39.945462');
INSERT  INTO cities VALUES ( UUID(), SYSDATE(), 'SYS', NULL, NULL, '616529E3-7B90-43CA-83E6-50F7C6E29D60', '唐山', '118.183451,39.650531');
INSERT  INTO cities VALUES ( UUID(), SYSDATE(), 'SYS', NULL, NULL, '616529E3-7B90-43CA-83E6-50F7C6E29D60', '邢台', '114.520487,37.069531');
INSERT  INTO cities VALUES ( UUID(), SYSDATE(), 'SYS', NULL, NULL, '616529E3-7B90-43CA-83E6-50F7C6E29D60', '张家口', '114.893782,40.811188');
INSERT  INTO cities VALUES ( UUID(), SYSDATE(), 'SYS', NULL, NULL, 'C2A0A156-5C84-4BB7-AC0E-5E00E34A6F77', '郑州', '113.649644,34.75661');
INSERT  INTO cities VALUES ( UUID(), SYSDATE(), 'SYS', NULL, NULL, 'C2A0A156-5C84-4BB7-AC0E-5E00E34A6F77', '洛阳', '112.447525,34.657368');
INSERT  INTO cities VALUES ( UUID(), SYSDATE(), 'SYS', NULL, NULL, 'C2A0A156-5C84-4BB7-AC0E-5E00E34A6F77', '开封', '114.351642,34.801854');
INSERT  INTO cities VALUES ( UUID(), SYSDATE(), 'SYS', NULL, NULL, 'C2A0A156-5C84-4BB7-AC0E-5E00E34A6F77', '安阳', '114.351807,36.110267');
INSERT  INTO cities VALUES ( UUID(), SYSDATE(), 'SYS', NULL, NULL, 'C2A0A156-5C84-4BB7-AC0E-5E00E34A6F77', '鹤壁', '114.29777,35.755426');
INSERT  INTO cities VALUES ( UUID(), SYSDATE(), 'SYS', NULL, NULL, 'C2A0A156-5C84-4BB7-AC0E-5E00E34A6F77', '济源', '112.40383,35.093893');
INSERT  INTO cities VALUES ( UUID(), SYSDATE(), 'SYS', NULL, NULL, 'C2A0A156-5C84-4BB7-AC0E-5E00E34A6F77', '焦作', '113.211836,35.234608');
INSERT  INTO cities VALUES ( UUID(), SYSDATE(), 'SYS', NULL, NULL, 'C2A0A156-5C84-4BB7-AC0E-5E00E34A6F77', '南阳', '112.542842,33.01142');
INSERT  INTO cities VALUES ( UUID(), SYSDATE(), 'SYS', NULL, NULL, 'C2A0A156-5C84-4BB7-AC0E-5E00E34A6F77', '平顶山', '113.300849,33.745301');
INSERT  INTO cities VALUES ( UUID(), SYSDATE(), 'SYS', NULL, NULL, 'C2A0A156-5C84-4BB7-AC0E-5E00E34A6F77', '三门峡', '111.181262,34.78332');
INSERT  INTO cities VALUES ( UUID(), SYSDATE(), 'SYS', NULL, NULL, 'C2A0A156-5C84-4BB7-AC0E-5E00E34A6F77', '商丘', '115.641886,34.438589');
INSERT  INTO cities VALUES ( UUID(), SYSDATE(), 'SYS', NULL, NULL, 'C2A0A156-5C84-4BB7-AC0E-5E00E34A6F77', '新乡', '113.892901,35.296698');
INSERT  INTO cities VALUES ( UUID(), SYSDATE(), 'SYS', NULL, NULL, 'C2A0A156-5C84-4BB7-AC0E-5E00E34A6F77', '信阳', '114.085491,32.128582');
INSERT  INTO cities VALUES ( UUID(), SYSDATE(), 'SYS', NULL, NULL, 'C2A0A156-5C84-4BB7-AC0E-5E00E34A6F77', '许昌', '113.835312,34.02674');
INSERT  INTO cities VALUES ( UUID(), SYSDATE(), 'SYS', NULL, NULL, 'C2A0A156-5C84-4BB7-AC0E-5E00E34A6F77', '周口', '114.654102,33.623741');
INSERT  INTO cities VALUES ( UUID(), SYSDATE(), 'SYS', NULL, NULL, 'C2A0A156-5C84-4BB7-AC0E-5E00E34A6F77', '驻马店', '114.049154,32.983158');
INSERT  INTO cities VALUES ( UUID(), SYSDATE(), 'SYS', NULL, NULL, 'C2A0A156-5C84-4BB7-AC0E-5E00E34A6F77', '漯河', '114.046061,33.576279');
INSERT  INTO cities VALUES ( UUID(), SYSDATE(), 'SYS', NULL, NULL, 'C2A0A156-5C84-4BB7-AC0E-5E00E34A6F77', '濮阳', '115.026627,35.753298');
INSERT  INTO cities VALUES ( UUID(), SYSDATE(), 'SYS', NULL, NULL, '9AC4A01D-1B9A-40D2-B1EF-5F3BF8CF32C8', '哈尔滨', '126.657717,45.773225');
INSERT  INTO cities VALUES ( UUID(), SYSDATE(), 'SYS', NULL, NULL, '9AC4A01D-1B9A-40D2-B1EF-5F3BF8CF32C8', '大庆', '128.047414,47.356592');
INSERT  INTO cities VALUES ( UUID(), SYSDATE(), 'SYS', NULL, NULL, '9AC4A01D-1B9A-40D2-B1EF-5F3BF8CF32C8', '大兴安岭', '124.196104,51.991789');
INSERT  INTO cities VALUES ( UUID(), SYSDATE(), 'SYS', NULL, NULL, '9AC4A01D-1B9A-40D2-B1EF-5F3BF8CF32C8', '鹤岗', '130.292472,47.338666');
INSERT  INTO cities VALUES ( UUID(), SYSDATE(), 'SYS', NULL, NULL, '9AC4A01D-1B9A-40D2-B1EF-5F3BF8CF32C8', '黑河', '128.047414,47.356592');
INSERT  INTO cities VALUES ( UUID(), SYSDATE(), 'SYS', NULL, NULL, '9AC4A01D-1B9A-40D2-B1EF-5F3BF8CF32C8', '鸡西', '128.047414,47.356592');
INSERT  INTO cities VALUES ( UUID(), SYSDATE(), 'SYS', NULL, NULL, '9AC4A01D-1B9A-40D2-B1EF-5F3BF8CF32C8', '佳木斯', '130.284735,46.81378');
INSERT  INTO cities VALUES ( UUID(), SYSDATE(), 'SYS', NULL, NULL, '9AC4A01D-1B9A-40D2-B1EF-5F3BF8CF32C8', '牡丹江', '129.608035,44.588521');
INSERT  INTO cities VALUES ( UUID(), SYSDATE(), 'SYS', NULL, NULL, '9AC4A01D-1B9A-40D2-B1EF-5F3BF8CF32C8', '七台河', '131.019048,45.775005');
INSERT  INTO cities VALUES ( UUID(), SYSDATE(), 'SYS', NULL, NULL, '9AC4A01D-1B9A-40D2-B1EF-5F3BF8CF32C8', '齐齐哈尔', '128.047414,47.356592');
INSERT  INTO cities VALUES ( UUID(), SYSDATE(), 'SYS', NULL, NULL, '9AC4A01D-1B9A-40D2-B1EF-5F3BF8CF32C8', '双鸭山', '131.171402,46.655102');
INSERT  INTO cities VALUES ( UUID(), SYSDATE(), 'SYS', NULL, NULL, '9AC4A01D-1B9A-40D2-B1EF-5F3BF8CF32C8', '绥化', '128.047414,47.356592');
INSERT  INTO cities VALUES ( UUID(), SYSDATE(), 'SYS', NULL, NULL, '9AC4A01D-1B9A-40D2-B1EF-5F3BF8CF32C8', '伊春', '128.90058,47.741959');
INSERT  INTO cities VALUES ( UUID(), SYSDATE(), 'SYS', NULL, NULL, '8A7F2FF9-68D0-4C4C-A290-6049ACCC0E76', '武汉', '114.3162,30.581084');
INSERT  INTO cities VALUES ( UUID(), SYSDATE(), 'SYS', NULL, NULL, '8A7F2FF9-68D0-4C4C-A290-6049ACCC0E76', '仙桃', '113.387448,30.293966');
INSERT  INTO cities VALUES ( UUID(), SYSDATE(), 'SYS', NULL, NULL, '8A7F2FF9-68D0-4C4C-A290-6049ACCC0E76', '鄂州', '114.895594,30.384439');
INSERT  INTO cities VALUES ( UUID(), SYSDATE(), 'SYS', NULL, NULL, '8A7F2FF9-68D0-4C4C-A290-6049ACCC0E76', '黄冈', '114.906618,30.446109');
INSERT  INTO cities VALUES ( UUID(), SYSDATE(), 'SYS', NULL, NULL, '8A7F2FF9-68D0-4C4C-A290-6049ACCC0E76', '黄石', '115.050683,30.216127');
INSERT  INTO cities VALUES ( UUID(), SYSDATE(), 'SYS', NULL, NULL, '8A7F2FF9-68D0-4C4C-A290-6049ACCC0E76', '荆门', '112.21733,31.042611');
INSERT  INTO cities VALUES ( UUID(), SYSDATE(), 'SYS', NULL, NULL, '8A7F2FF9-68D0-4C4C-A290-6049ACCC0E76', '荆州', '112.099857,30.396103');
INSERT  INTO cities VALUES ( UUID(), SYSDATE(), 'SYS', NULL, NULL, '8A7F2FF9-68D0-4C4C-A290-6049ACCC0E76', '潜江', '112.768768,30.343116');
INSERT  INTO cities VALUES ( UUID(), SYSDATE(), 'SYS', NULL, NULL, '8A7F2FF9-68D0-4C4C-A290-6049ACCC0E76', '神农架林区', '110.487231,31.595768');
INSERT  INTO cities VALUES ( UUID(), SYSDATE(), 'SYS', NULL, NULL, '8A7F2FF9-68D0-4C4C-A290-6049ACCC0E76', '十堰', '110.801229,32.636994');
INSERT  INTO cities VALUES ( UUID(), SYSDATE(), 'SYS', NULL, NULL, '8A7F2FF9-68D0-4C4C-A290-6049ACCC0E76', '随州', '113.379358,31.717858');
INSERT  INTO cities VALUES ( UUID(), SYSDATE(), 'SYS', NULL, NULL, '8A7F2FF9-68D0-4C4C-A290-6049ACCC0E76', '天门', '113.12623,30.649047');
INSERT  INTO cities VALUES ( UUID(), SYSDATE(), 'SYS', NULL, NULL, '8A7F2FF9-68D0-4C4C-A290-6049ACCC0E76', '咸宁', '114.300061,29.880657');
INSERT  INTO cities VALUES ( UUID(), SYSDATE(), 'SYS', NULL, NULL, '8A7F2FF9-68D0-4C4C-A290-6049ACCC0E76', '襄樊', '112.176326,32.094934');
INSERT  INTO cities VALUES ( UUID(), SYSDATE(), 'SYS', NULL, NULL, '8A7F2FF9-68D0-4C4C-A290-6049ACCC0E76', '孝感', '113.935734,30.927955');
INSERT  INTO cities VALUES ( UUID(), SYSDATE(), 'SYS', NULL, NULL, '8A7F2FF9-68D0-4C4C-A290-6049ACCC0E76', '宜昌', '111.310981,30.732758');
INSERT  INTO cities VALUES ( UUID(), SYSDATE(), 'SYS', NULL, NULL, '8A7F2FF9-68D0-4C4C-A290-6049ACCC0E76', '恩施', '109.517433,30.308979');
INSERT  INTO cities VALUES ( UUID(), SYSDATE(), 'SYS', NULL, NULL, '5032F711-E5B0-4080-9C96-6438DA8BDC64', '长沙', '112.979353,28.213478');
INSERT  INTO cities VALUES ( UUID(), SYSDATE(), 'SYS', NULL, NULL, '5032F711-E5B0-4080-9C96-6438DA8BDC64', '张家界', '110.48162,29.124889');
INSERT  INTO cities VALUES ( UUID(), SYSDATE(), 'SYS', NULL, NULL, '5032F711-E5B0-4080-9C96-6438DA8BDC64', '常德', '111.653718,29.012149');
INSERT  INTO cities VALUES ( UUID(), SYSDATE(), 'SYS', NULL, NULL, '5032F711-E5B0-4080-9C96-6438DA8BDC64', '郴州', '113.037704,25.782264');
INSERT  INTO cities VALUES ( UUID(), SYSDATE(), 'SYS', NULL, NULL, '5032F711-E5B0-4080-9C96-6438DA8BDC64', '衡阳', '112.583819,26.898164');
INSERT  INTO cities VALUES ( UUID(), SYSDATE(), 'SYS', NULL, NULL, '5032F711-E5B0-4080-9C96-6438DA8BDC64', '怀化', '109.986959,27.557483');
INSERT  INTO cities VALUES ( UUID(), SYSDATE(), 'SYS', NULL, NULL, '5032F711-E5B0-4080-9C96-6438DA8BDC64', '娄底', '111.996396,27.741073');
INSERT  INTO cities VALUES ( UUID(), SYSDATE(), 'SYS', NULL, NULL, '5032F711-E5B0-4080-9C96-6438DA8BDC64', '邵阳', '111.461525,27.236811');
INSERT  INTO cities VALUES ( UUID(), SYSDATE(), 'SYS', NULL, NULL, '5032F711-E5B0-4080-9C96-6438DA8BDC64', '湘潭', '112.935556,27.835095');
INSERT  INTO cities VALUES ( UUID(), SYSDATE(), 'SYS', NULL, NULL, '5032F711-E5B0-4080-9C96-6438DA8BDC64', '湘西', '109.745746,28.317951');
INSERT  INTO cities VALUES ( UUID(), SYSDATE(), 'SYS', NULL, NULL, '5032F711-E5B0-4080-9C96-6438DA8BDC64', '益阳', '112.366547,28.588088');
INSERT  INTO cities VALUES ( UUID(), SYSDATE(), 'SYS', NULL, NULL, '5032F711-E5B0-4080-9C96-6438DA8BDC64', '永州', '111.614648,26.435972');
INSERT  INTO cities VALUES ( UUID(), SYSDATE(), 'SYS', NULL, NULL, '5032F711-E5B0-4080-9C96-6438DA8BDC64', '岳阳', '113.146196,29.378007');
INSERT  INTO cities VALUES ( UUID(), SYSDATE(), 'SYS', NULL, NULL, '5032F711-E5B0-4080-9C96-6438DA8BDC64', '株洲', '113.131695,27.827433');
INSERT  INTO cities VALUES ( UUID(), SYSDATE(), 'SYS', NULL, NULL, 'C1605ABA-36A7-4D29-A48C-70AC8FD9CB92', '长春', '125.313642,43.898338');
INSERT  INTO cities VALUES ( UUID(), SYSDATE(), 'SYS', NULL, NULL, 'C1605ABA-36A7-4D29-A48C-70AC8FD9CB92', '吉林', '126.564544,43.871988');
INSERT  INTO cities VALUES ( UUID(), SYSDATE(), 'SYS', NULL, NULL, 'C1605ABA-36A7-4D29-A48C-70AC8FD9CB92', '白城', '122.840777,45.621086');
INSERT  INTO cities VALUES ( UUID(), SYSDATE(), 'SYS', NULL, NULL, 'C1605ABA-36A7-4D29-A48C-70AC8FD9CB92', '白山', '126.435798,41.945859');
INSERT  INTO cities VALUES ( UUID(), SYSDATE(), 'SYS', NULL, NULL, 'C1605ABA-36A7-4D29-A48C-70AC8FD9CB92', '辽源', '125.133686,42.923303');
INSERT  INTO cities VALUES ( UUID(), SYSDATE(), 'SYS', NULL, NULL, 'C1605ABA-36A7-4D29-A48C-70AC8FD9CB92', '四平', '124.391382,43.175525');
INSERT  INTO cities VALUES ( UUID(), SYSDATE(), 'SYS', NULL, NULL, 'C1605ABA-36A7-4D29-A48C-70AC8FD9CB92', '松原', '124.832995,45.136049');
INSERT  INTO cities VALUES ( UUID(), SYSDATE(), 'SYS', NULL, NULL, 'C1605ABA-36A7-4D29-A48C-70AC8FD9CB92', '通化', '125.94265,41.736397');
INSERT  INTO cities VALUES ( UUID(), SYSDATE(), 'SYS', NULL, NULL, 'C1605ABA-36A7-4D29-A48C-70AC8FD9CB92', '延边', '129.485902,42.896414');
INSERT  INTO cities VALUES ( UUID(), SYSDATE(), 'SYS', NULL, NULL, 'C4BCE3E0-9117-4005-9CA0-747AFED847D4', '南京', '118.778074,32.057236');
INSERT  INTO cities VALUES ( UUID(), SYSDATE(), 'SYS', NULL, NULL, 'C4BCE3E0-9117-4005-9CA0-747AFED847D4', '苏州', '120.619907,31.317987');
INSERT  INTO cities VALUES ( UUID(), SYSDATE(), 'SYS', NULL, NULL, 'C4BCE3E0-9117-4005-9CA0-747AFED847D4', '无锡', '120.305456,31.570037');
INSERT  INTO cities VALUES ( UUID(), SYSDATE(), 'SYS', NULL, NULL, 'C4BCE3E0-9117-4005-9CA0-747AFED847D4', '常州', '119.981861,31.771397');
INSERT  INTO cities VALUES ( UUID(), SYSDATE(), 'SYS', NULL, NULL, 'C4BCE3E0-9117-4005-9CA0-747AFED847D4', '淮安', '119.313295,33.528349');
INSERT  INTO cities VALUES ( UUID(), SYSDATE(), 'SYS', NULL, NULL, 'C4BCE3E0-9117-4005-9CA0-747AFED847D4', '连云港', '119.173872,34.601549');
INSERT  INTO cities VALUES ( UUID(), SYSDATE(), 'SYS', NULL, NULL, 'C4BCE3E0-9117-4005-9CA0-747AFED847D4', '南通', '120.873801,32.014665');
INSERT  INTO cities VALUES ( UUID(), SYSDATE(), 'SYS', NULL, NULL, 'C4BCE3E0-9117-4005-9CA0-747AFED847D4', '宿迁', '118.296893,33.95205');
INSERT  INTO cities VALUES ( UUID(), SYSDATE(), 'SYS', NULL, NULL, 'C4BCE3E0-9117-4005-9CA0-747AFED847D4', '泰州', '119.919606,32.476053');
INSERT  INTO cities VALUES ( UUID(), SYSDATE(), 'SYS', NULL, NULL, 'C4BCE3E0-9117-4005-9CA0-747AFED847D4', '徐州', '117.188107,34.271553');
INSERT  INTO cities VALUES ( UUID(), SYSDATE(), 'SYS', NULL, NULL, 'C4BCE3E0-9117-4005-9CA0-747AFED847D4', '盐城', '120.148872,33.379862');
INSERT  INTO cities VALUES ( UUID(), SYSDATE(), 'SYS', NULL, NULL, 'C4BCE3E0-9117-4005-9CA0-747AFED847D4', '扬州', '119.427778,32.408505');
INSERT  INTO cities VALUES ( UUID(), SYSDATE(), 'SYS', NULL, NULL, 'C4BCE3E0-9117-4005-9CA0-747AFED847D4', '镇江', '119.455835,32.204409');
INSERT  INTO cities VALUES ( UUID(), SYSDATE(), 'SYS', NULL, NULL, 'B0740D1C-34EC-4C66-830D-82A725E1697E', '南昌', '115.893528,28.689578');
INSERT  INTO cities VALUES ( UUID(), SYSDATE(), 'SYS', NULL, NULL, 'B0740D1C-34EC-4C66-830D-82A725E1697E', '抚州', '116.360919,27.954545');
INSERT  INTO cities VALUES ( UUID(), SYSDATE(), 'SYS', NULL, NULL, 'B0740D1C-34EC-4C66-830D-82A725E1697E', '赣州', '114.935909,25.845296');
INSERT  INTO cities VALUES ( UUID(), SYSDATE(), 'SYS', NULL, NULL, 'B0740D1C-34EC-4C66-830D-82A725E1697E', '吉安', '114.992039,27.113848');
INSERT  INTO cities VALUES ( UUID(), SYSDATE(), 'SYS', NULL, NULL, 'B0740D1C-34EC-4C66-830D-82A725E1697E', '景德镇', '117.186523,29.303563');
INSERT  INTO cities VALUES ( UUID(), SYSDATE(), 'SYS', NULL, NULL, 'B0740D1C-34EC-4C66-830D-82A725E1697E', '九江', '115.999848,29.71964');
INSERT  INTO cities VALUES ( UUID(), SYSDATE(), 'SYS', NULL, NULL, 'B0740D1C-34EC-4C66-830D-82A725E1697E', '萍乡', '113.859917,27.639544');
INSERT  INTO cities VALUES ( UUID(), SYSDATE(), 'SYS', NULL, NULL, 'B0740D1C-34EC-4C66-830D-82A725E1697E', '上饶', '117.955464,28.457623');
INSERT  INTO cities VALUES ( UUID(), SYSDATE(), 'SYS', NULL, NULL, 'B0740D1C-34EC-4C66-830D-82A725E1697E', '新余', '114.947117,27.822322');
INSERT  INTO cities VALUES ( UUID(), SYSDATE(), 'SYS', NULL, NULL, 'B0740D1C-34EC-4C66-830D-82A725E1697E', '宜春', '114.400039,27.81113');
INSERT  INTO cities VALUES ( UUID(), SYSDATE(), 'SYS', NULL, NULL, 'B0740D1C-34EC-4C66-830D-82A725E1697E', '鹰潭', '117.03545,28.24131');
INSERT  INTO cities VALUES ( UUID(), SYSDATE(), 'SYS', NULL, NULL, '29E9951D-D523-45EE-AB57-85692748B7DE', '沈阳', '123.432791,41.808645');
INSERT  INTO cities VALUES ( UUID(), SYSDATE(), 'SYS', NULL, NULL, '29E9951D-D523-45EE-AB57-85692748B7DE', '大连', '121.593478,38.94871');
INSERT  INTO cities VALUES ( UUID(), SYSDATE(), 'SYS', NULL, NULL, '29E9951D-D523-45EE-AB57-85692748B7DE', '鞍山', '123.007763,41.118744');
INSERT  INTO cities VALUES ( UUID(), SYSDATE(), 'SYS', NULL, NULL, '29E9951D-D523-45EE-AB57-85692748B7DE', '本溪', '123.778062,41.325838');
INSERT  INTO cities VALUES ( UUID(), SYSDATE(), 'SYS', NULL, NULL, '29E9951D-D523-45EE-AB57-85692748B7DE', '朝阳', '120.446163,41.571828');
INSERT  INTO cities VALUES ( UUID(), SYSDATE(), 'SYS', NULL, NULL, '29E9951D-D523-45EE-AB57-85692748B7DE', '丹东', '124.338543,40.129023');
INSERT  INTO cities VALUES ( UUID(), SYSDATE(), 'SYS', NULL, NULL, '29E9951D-D523-45EE-AB57-85692748B7DE', '抚顺', '123.92982,41.877304');
INSERT  INTO cities VALUES ( UUID(), SYSDATE(), 'SYS', NULL, NULL, '29E9951D-D523-45EE-AB57-85692748B7DE', '阜新', '121.660822,42.01925');
INSERT  INTO cities VALUES ( UUID(), SYSDATE(), 'SYS', NULL, NULL, '29E9951D-D523-45EE-AB57-85692748B7DE', '葫芦岛', '120.860758,40.74303');
INSERT  INTO cities VALUES ( UUID(), SYSDATE(), 'SYS', NULL, NULL, '29E9951D-D523-45EE-AB57-85692748B7DE', '锦州', '121.147749,41.130879');
INSERT  INTO cities VALUES ( UUID(), SYSDATE(), 'SYS', NULL, NULL, '29E9951D-D523-45EE-AB57-85692748B7DE', '辽阳', '123.172451,41.273339');
INSERT  INTO cities VALUES ( UUID(), SYSDATE(), 'SYS', NULL, NULL, '29E9951D-D523-45EE-AB57-85692748B7DE', '盘锦', '122.073228,41.141248');
INSERT  INTO cities VALUES ( UUID(), SYSDATE(), 'SYS', NULL, NULL, '29E9951D-D523-45EE-AB57-85692748B7DE', '铁岭', '123.85485,42.299757');
INSERT  INTO cities VALUES ( UUID(), SYSDATE(), 'SYS', NULL, NULL, '29E9951D-D523-45EE-AB57-85692748B7DE', '营口', '122.233391,40.668651');
INSERT  INTO cities VALUES ( UUID(), SYSDATE(), 'SYS', NULL, NULL, '73EDB387-B024-425C-8E61-8C8681D2AAF7', '呼和浩特', '111.660351,40.828319');
INSERT  INTO cities VALUES ( UUID(), SYSDATE(), 'SYS', NULL, NULL, '73EDB387-B024-425C-8E61-8C8681D2AAF7', '阿拉善盟', '114.415868,43.468238');
INSERT  INTO cities VALUES ( UUID(), SYSDATE(), 'SYS', NULL, NULL, '73EDB387-B024-425C-8E61-8C8681D2AAF7', '巴彦淖尔盟', '107.423198,40.764138');
INSERT  INTO cities VALUES ( UUID(), SYSDATE(), 'SYS', NULL, NULL, '73EDB387-B024-425C-8E61-8C8681D2AAF7', '包头', '114.415868,43.468238');
INSERT  INTO cities VALUES ( UUID(), SYSDATE(), 'SYS', NULL, NULL, '73EDB387-B024-425C-8E61-8C8681D2AAF7', '赤峰', '114.415868,43.468238');
INSERT  INTO cities VALUES ( UUID(), SYSDATE(), 'SYS', NULL, NULL, '73EDB387-B024-425C-8E61-8C8681D2AAF7', '鄂尔多斯', '114.415868,43.468238');
INSERT  INTO cities VALUES ( UUID(), SYSDATE(), 'SYS', NULL, NULL, '73EDB387-B024-425C-8E61-8C8681D2AAF7', '呼伦贝尔', '114.415868,43.468238');
INSERT  INTO cities VALUES ( UUID(), SYSDATE(), 'SYS', NULL, NULL, '73EDB387-B024-425C-8E61-8C8681D2AAF7', '通辽', '114.415868,43.468238');
INSERT  INTO cities VALUES ( UUID(), SYSDATE(), 'SYS', NULL, NULL, '73EDB387-B024-425C-8E61-8C8681D2AAF7', '乌海', '114.415868,43.468238');
INSERT  INTO cities VALUES ( UUID(), SYSDATE(), 'SYS', NULL, NULL, '73EDB387-B024-425C-8E61-8C8681D2AAF7', '乌兰察布市', '113.112846,41.022363');
INSERT  INTO cities VALUES ( UUID(), SYSDATE(), 'SYS', NULL, NULL, '73EDB387-B024-425C-8E61-8C8681D2AAF7', '锡林郭勒盟', '114.415868,43.468238');
INSERT  INTO cities VALUES ( UUID(), SYSDATE(), 'SYS', NULL, NULL, '73EDB387-B024-425C-8E61-8C8681D2AAF7', '兴安盟', '114.415868,43.468238');
INSERT  INTO cities VALUES ( UUID(), SYSDATE(), 'SYS', NULL, NULL, '0FBB255C-36B5-4F0D-985A-95741C871CFF', '银川', '106.206479,38.502621');
INSERT  INTO cities VALUES ( UUID(), SYSDATE(), 'SYS', NULL, NULL, '0FBB255C-36B5-4F0D-985A-95741C871CFF', '固原', '106.285268,36.021523');
INSERT  INTO cities VALUES ( UUID(), SYSDATE(), 'SYS', NULL, NULL, '0FBB255C-36B5-4F0D-985A-95741C871CFF', '石嘴山', '106.379337,39.020223');
INSERT  INTO cities VALUES ( UUID(), SYSDATE(), 'SYS', NULL, NULL, '0FBB255C-36B5-4F0D-985A-95741C871CFF', '吴忠', '106.208254,37.993561');
INSERT  INTO cities VALUES ( UUID(), SYSDATE(), 'SYS', NULL, NULL, '0FBB255C-36B5-4F0D-985A-95741C871CFF', '中卫', '105.196754,37.521124');
INSERT  INTO cities VALUES ( UUID(), SYSDATE(), 'SYS', NULL, NULL, '582C335D-02DC-4706-B4CA-A1A7B2F2D466', '西宁', '101.767921,36.640739');
INSERT  INTO cities VALUES ( UUID(), SYSDATE(), 'SYS', NULL, NULL, '582C335D-02DC-4706-B4CA-A1A7B2F2D466', '果洛', '100.223723,34.480485');
INSERT  INTO cities VALUES ( UUID(), SYSDATE(), 'SYS', NULL, NULL, '582C335D-02DC-4706-B4CA-A1A7B2F2D466', '海北', '100.879802,36.960654');
INSERT  INTO cities VALUES ( UUID(), SYSDATE(), 'SYS', NULL, NULL, '582C335D-02DC-4706-B4CA-A1A7B2F2D466', '海东', '102.376689,36.312743');
INSERT  INTO cities VALUES ( UUID(), SYSDATE(), 'SYS', NULL, NULL, '582C335D-02DC-4706-B4CA-A1A7B2F2D466', '海南', '100.624066,36.284364');
INSERT  INTO cities VALUES ( UUID(), SYSDATE(), 'SYS', NULL, NULL, '582C335D-02DC-4706-B4CA-A1A7B2F2D466', '海西', '97.342625,37.373799');
INSERT  INTO cities VALUES ( UUID(), SYSDATE(), 'SYS', NULL, NULL, '582C335D-02DC-4706-B4CA-A1A7B2F2D466', '黄南', '102.0076,35.522852');
INSERT  INTO cities VALUES ( UUID(), SYSDATE(), 'SYS', NULL, NULL, '582C335D-02DC-4706-B4CA-A1A7B2F2D466', '玉树', '96.71235,32.906575');
INSERT  INTO cities VALUES ( UUID(), SYSDATE(), 'SYS', NULL, NULL, '623027C1-85DA-445A-80DC-A5189B29801E', '济南', '117.024967,36.682785');
INSERT  INTO cities VALUES ( UUID(), SYSDATE(), 'SYS', NULL, NULL, '623027C1-85DA-445A-80DC-A5189B29801E', '青岛', '120.384428,36.105215');
INSERT  INTO cities VALUES ( UUID(), SYSDATE(), 'SYS', NULL, NULL, '623027C1-85DA-445A-80DC-A5189B29801E', '滨州', '117.968292,37.405314');
INSERT  INTO cities VALUES ( UUID(), SYSDATE(), 'SYS', NULL, NULL, '623027C1-85DA-445A-80DC-A5189B29801E', '德州', '116.328161,37.460826');
INSERT  INTO cities VALUES ( UUID(), SYSDATE(), 'SYS', NULL, NULL, '623027C1-85DA-445A-80DC-A5189B29801E', '东营', '118.612643,37.408666');
INSERT  INTO cities VALUES ( UUID(), SYSDATE(), 'SYS', NULL, NULL, '623027C1-85DA-445A-80DC-A5189B29801E', '菏泽', '115.46336,35.26244');
INSERT  INTO cities VALUES ( UUID(), SYSDATE(), 'SYS', NULL, NULL, '623027C1-85DA-445A-80DC-A5189B29801E', '济宁', '116.600798,35.402122');
INSERT  INTO cities VALUES ( UUID(), SYSDATE(), 'SYS', NULL, NULL, '623027C1-85DA-445A-80DC-A5189B29801E', '莱芜', '117.684667,36.233654');
INSERT  INTO cities VALUES ( UUID(), SYSDATE(), 'SYS', NULL, NULL, '623027C1-85DA-445A-80DC-A5189B29801E', '聊城', '115.986869,36.455829');
INSERT  INTO cities VALUES ( UUID(), SYSDATE(), 'SYS', NULL, NULL, '623027C1-85DA-445A-80DC-A5189B29801E', '临沂', '118.340768,35.072409');
INSERT  INTO cities VALUES ( UUID(), SYSDATE(), 'SYS', NULL, NULL, '623027C1-85DA-445A-80DC-A5189B29801E', '日照', '119.50718,35.420225');
INSERT  INTO cities VALUES ( UUID(), SYSDATE(), 'SYS', NULL, NULL, '623027C1-85DA-445A-80DC-A5189B29801E', '泰安', '117.089415,36.188078');
INSERT  INTO cities VALUES ( UUID(), SYSDATE(), 'SYS', NULL, NULL, '623027C1-85DA-445A-80DC-A5189B29801E', '威海', '122.093958,37.528787');
INSERT  INTO cities VALUES ( UUID(), SYSDATE(), 'SYS', NULL, NULL, '623027C1-85DA-445A-80DC-A5189B29801E', '潍坊', '119.142634,36.716115');
INSERT  INTO cities VALUES ( UUID(), SYSDATE(), 'SYS', NULL, NULL, '623027C1-85DA-445A-80DC-A5189B29801E', '烟台', '121.309555,37.536562');
INSERT  INTO cities VALUES ( UUID(), SYSDATE(), 'SYS', NULL, NULL, '623027C1-85DA-445A-80DC-A5189B29801E', '枣庄', '117.279305,34.807883');
INSERT  INTO cities VALUES ( UUID(), SYSDATE(), 'SYS', NULL, NULL, '623027C1-85DA-445A-80DC-A5189B29801E', '淄博', '118.059134,36.804685');
INSERT  INTO cities VALUES ( UUID(), SYSDATE(), 'SYS', NULL, NULL, 'B1908150-4657-4940-8D7C-AD90C96546A4', '太原', '112.550864,37.890277');
INSERT  INTO cities VALUES ( UUID(), SYSDATE(), 'SYS', NULL, NULL, 'B1908150-4657-4940-8D7C-AD90C96546A4', '长治', '113.120292,36.201664');
INSERT  INTO cities VALUES ( UUID(), SYSDATE(), 'SYS', NULL, NULL, 'B1908150-4657-4940-8D7C-AD90C96546A4', '大同', '113.290509,40.113744');
INSERT  INTO cities VALUES ( UUID(), SYSDATE(), 'SYS', NULL, NULL, 'B1908150-4657-4940-8D7C-AD90C96546A4', '晋城', '112.867333,35.499834');
INSERT  INTO cities VALUES ( UUID(), SYSDATE(), 'SYS', NULL, NULL, 'B1908150-4657-4940-8D7C-AD90C96546A4', '晋中', '112.738514,37.693362');
INSERT  INTO cities VALUES ( UUID(), SYSDATE(), 'SYS', NULL, NULL, 'B1908150-4657-4940-8D7C-AD90C96546A4', '临汾', '111.538788,36.099745');
INSERT  INTO cities VALUES ( UUID(), SYSDATE(), 'SYS', NULL, NULL, 'B1908150-4657-4940-8D7C-AD90C96546A4', '吕梁', '111.143157,37.527316');
INSERT  INTO cities VALUES ( UUID(), SYSDATE(), 'SYS', NULL, NULL, 'B1908150-4657-4940-8D7C-AD90C96546A4', '朔州', '112.479928,39.337672');
INSERT  INTO cities VALUES ( UUID(), SYSDATE(), 'SYS', NULL, NULL, 'B1908150-4657-4940-8D7C-AD90C96546A4', '忻州', '112.727939,38.461031');
INSERT  INTO cities VALUES ( UUID(), SYSDATE(), 'SYS', NULL, NULL, 'B1908150-4657-4940-8D7C-AD90C96546A4', '阳泉', '113.569238,37.869529');
INSERT  INTO cities VALUES ( UUID(), SYSDATE(), 'SYS', NULL, NULL, 'B1908150-4657-4940-8D7C-AD90C96546A4', '运城', '111.006854,35.038859');
INSERT  INTO cities VALUES ( UUID(), SYSDATE(), 'SYS', NULL, NULL, '6FC91D7F-E402-4A16-8CB5-AEC4588BDAEE', '西安', '108.953098,34.2778');
INSERT  INTO cities VALUES ( UUID(), SYSDATE(), 'SYS', NULL, NULL, '6FC91D7F-E402-4A16-8CB5-AEC4588BDAEE', '安康', '109.038045,32.70437');
INSERT  INTO cities VALUES ( UUID(), SYSDATE(), 'SYS', NULL, NULL, '6FC91D7F-E402-4A16-8CB5-AEC4588BDAEE', '宝鸡', '107.170645,34.364081');
INSERT  INTO cities VALUES ( UUID(), SYSDATE(), 'SYS', NULL, NULL, '6FC91D7F-E402-4A16-8CB5-AEC4588BDAEE', '汉中', '107.045478,33.081569');
INSERT  INTO cities VALUES ( UUID(), SYSDATE(), 'SYS', NULL, NULL, '6FC91D7F-E402-4A16-8CB5-AEC4588BDAEE', '商洛', '109.934208,33.873907');
INSERT  INTO cities VALUES ( UUID(), SYSDATE(), 'SYS', NULL, NULL, '6FC91D7F-E402-4A16-8CB5-AEC4588BDAEE', '铜川', '108.968067,34.908368');
INSERT  INTO cities VALUES ( UUID(), SYSDATE(), 'SYS', NULL, NULL, '6FC91D7F-E402-4A16-8CB5-AEC4588BDAEE', '渭南', '109.483933,34.502358');
INSERT  INTO cities VALUES ( UUID(), SYSDATE(), 'SYS', NULL, NULL, '6FC91D7F-E402-4A16-8CB5-AEC4588BDAEE', '咸阳', '108.707509,34.345373');
INSERT  INTO cities VALUES ( UUID(), SYSDATE(), 'SYS', NULL, NULL, '6FC91D7F-E402-4A16-8CB5-AEC4588BDAEE', '延安', '109.50051,36.60332');
INSERT  INTO cities VALUES ( UUID(), SYSDATE(), 'SYS', NULL, NULL, '6FC91D7F-E402-4A16-8CB5-AEC4588BDAEE', '榆林', '109.745926,38.279439');
INSERT  INTO cities VALUES ( UUID(), SYSDATE(), 'SYS', NULL, NULL, '67F9358F-6180-4226-B87C-AFC04E745E03', '上海', '121.487899,31.249162');
INSERT  INTO cities VALUES ( UUID(), SYSDATE(), 'SYS', NULL, NULL, '7A78243C-B80D-4E34-B235-BEAAFED2C420', '成都', '104.067923,30.679943');
INSERT  INTO cities VALUES ( UUID(), SYSDATE(), 'SYS', NULL, NULL, '7A78243C-B80D-4E34-B235-BEAAFED2C420', '绵阳', '104.705519,31.504701');
INSERT  INTO cities VALUES ( UUID(), SYSDATE(), 'SYS', NULL, NULL, '7A78243C-B80D-4E34-B235-BEAAFED2C420', '阿坝', '102.228565,31.905763');
INSERT  INTO cities VALUES ( UUID(), SYSDATE(), 'SYS', NULL, NULL, '7A78243C-B80D-4E34-B235-BEAAFED2C420', '巴中', '106.757916,31.869189');
INSERT  INTO cities VALUES ( UUID(), SYSDATE(), 'SYS', NULL, NULL, '7A78243C-B80D-4E34-B235-BEAAFED2C420', '达州', '107.494973,31.214199');
INSERT  INTO cities VALUES ( UUID(), SYSDATE(), 'SYS', NULL, NULL, '7A78243C-B80D-4E34-B235-BEAAFED2C420', '德阳', '104.402398,31.13114');
INSERT  INTO cities VALUES ( UUID(), SYSDATE(), 'SYS', NULL, NULL, '7A78243C-B80D-4E34-B235-BEAAFED2C420', '甘孜', '101.969232,30.055144');
INSERT  INTO cities VALUES ( UUID(), SYSDATE(), 'SYS', NULL, NULL, '7A78243C-B80D-4E34-B235-BEAAFED2C420', '广安', '106.758912,30.59925');
INSERT  INTO cities VALUES ( UUID(), SYSDATE(), 'SYS', NULL, NULL, '7A78243C-B80D-4E34-B235-BEAAFED2C420', '广元', '105.819687,32.44104');
INSERT  INTO cities VALUES ( UUID(), SYSDATE(), 'SYS', NULL, NULL, '7A78243C-B80D-4E34-B235-BEAAFED2C420', '乐山', '103.760824,29.600958');
INSERT  INTO cities VALUES ( UUID(), SYSDATE(), 'SYS', NULL, NULL, '7A78243C-B80D-4E34-B235-BEAAFED2C420', '凉山', '102.259591,27.892393');
INSERT  INTO cities VALUES ( UUID(), SYSDATE(), 'SYS', NULL, NULL, '7A78243C-B80D-4E34-B235-BEAAFED2C420', '眉山', '103.84143,30.061115');
INSERT  INTO cities VALUES ( UUID(), SYSDATE(), 'SYS', NULL, NULL, '7A78243C-B80D-4E34-B235-BEAAFED2C420', '南充', '106.105554,30.800965');
INSERT  INTO cities VALUES ( UUID(), SYSDATE(), 'SYS', NULL, NULL, '7A78243C-B80D-4E34-B235-BEAAFED2C420', '内江', '105.073056,29.599462');
INSERT  INTO cities VALUES ( UUID(), SYSDATE(), 'SYS', NULL, NULL, '7A78243C-B80D-4E34-B235-BEAAFED2C420', '攀枝花', '101.722423,26.587571');
INSERT  INTO cities VALUES ( UUID(), SYSDATE(), 'SYS', NULL, NULL, '7A78243C-B80D-4E34-B235-BEAAFED2C420', '遂宁', '105.564888,30.557491');
INSERT  INTO cities VALUES ( UUID(), SYSDATE(), 'SYS', NULL, NULL, '7A78243C-B80D-4E34-B235-BEAAFED2C420', '雅安', '103.009356,29.999716');
INSERT  INTO cities VALUES ( UUID(), SYSDATE(), 'SYS', NULL, NULL, '7A78243C-B80D-4E34-B235-BEAAFED2C420', '宜宾', '104.633019,28.769675');
INSERT  INTO cities VALUES ( UUID(), SYSDATE(), 'SYS', NULL, NULL, '7A78243C-B80D-4E34-B235-BEAAFED2C420', '资阳', '104.63593,30.132191');
INSERT  INTO cities VALUES ( UUID(), SYSDATE(), 'SYS', NULL, NULL, '7A78243C-B80D-4E34-B235-BEAAFED2C420', '自贡', '104.776071,29.359157');
INSERT  INTO cities VALUES ( UUID(), SYSDATE(), 'SYS', NULL, NULL, '7A78243C-B80D-4E34-B235-BEAAFED2C420', '泸州', '105.44397,28.89593');
INSERT  INTO cities VALUES ( UUID(), SYSDATE(), 'SYS', NULL, NULL, 'EDC686EA-D41C-46F0-9066-C274CBD0E6AF', '天津', '117.210813,39.14393');
INSERT  INTO cities VALUES ( UUID(), SYSDATE(), 'SYS', NULL, NULL, '845AE5BD-4100-4CDC-A1A9-D8109ABF2D76', '拉萨', '91.111891,29.662557');
INSERT  INTO cities VALUES ( UUID(), SYSDATE(), 'SYS', NULL, NULL, '845AE5BD-4100-4CDC-A1A9-D8109ABF2D76', '阿里', '81.107669,30.404557');
INSERT  INTO cities VALUES ( UUID(), SYSDATE(), 'SYS', NULL, NULL, '845AE5BD-4100-4CDC-A1A9-D8109ABF2D76', '昌都', '96.36244,30.510925');
INSERT  INTO cities VALUES ( UUID(), SYSDATE(), 'SYS', NULL, NULL, '845AE5BD-4100-4CDC-A1A9-D8109ABF2D76', '林芝', '95.466234,29.12808');
INSERT  INTO cities VALUES ( UUID(), SYSDATE(), 'SYS', NULL, NULL, '845AE5BD-4100-4CDC-A1A9-D8109ABF2D76', '那曲', '92.067018,31.48068');
INSERT  INTO cities VALUES ( UUID(), SYSDATE(), 'SYS', NULL, NULL, '845AE5BD-4100-4CDC-A1A9-D8109ABF2D76', '日喀则', '88.956063,29.26816');
INSERT  INTO cities VALUES ( UUID(), SYSDATE(), 'SYS', NULL, NULL, '845AE5BD-4100-4CDC-A1A9-D8109ABF2D76', '山南', '92.220873,28.354982');
INSERT  INTO cities VALUES ( UUID(), SYSDATE(), 'SYS', NULL, NULL, '81C315C6-6A90-4ED2-A373-D81AD8D126D7', '乌鲁木齐', '87.564988,43.84038');
INSERT  INTO cities VALUES ( UUID(), SYSDATE(), 'SYS', NULL, NULL, '81C315C6-6A90-4ED2-A373-D81AD8D126D7', '阿克苏', '81.156013,40.349444');
INSERT  INTO cities VALUES ( UUID(), SYSDATE(), 'SYS', NULL, NULL, '81C315C6-6A90-4ED2-A373-D81AD8D126D7', '阿拉尔', '81.291737,40.61568');
INSERT  INTO cities VALUES ( UUID(), SYSDATE(), 'SYS', NULL, NULL, '81C315C6-6A90-4ED2-A373-D81AD8D126D7', '巴音郭楞', '83.654262,42.608612');
INSERT  INTO cities VALUES ( UUID(), SYSDATE(), 'SYS', NULL, NULL, '81C315C6-6A90-4ED2-A373-D81AD8D126D7', '博尔塔拉', '82.068139,44.901268');
INSERT  INTO cities VALUES ( UUID(), SYSDATE(), 'SYS', NULL, NULL, '81C315C6-6A90-4ED2-A373-D81AD8D126D7', '昌吉', '87.073618,44.175083');
INSERT  INTO cities VALUES ( UUID(), SYSDATE(), 'SYS', NULL, NULL, '81C315C6-6A90-4ED2-A373-D81AD8D126D7', '哈密', '93.529373,42.344467');
INSERT  INTO cities VALUES ( UUID(), SYSDATE(), 'SYS', NULL, NULL, '81C315C6-6A90-4ED2-A373-D81AD8D126D7', '和田', '79.915814,37.15335');
INSERT  INTO cities VALUES ( UUID(), SYSDATE(), 'SYS', NULL, NULL, '81C315C6-6A90-4ED2-A373-D81AD8D126D7', '喀什', '76.014343,39.513111');
INSERT  INTO cities VALUES ( UUID(), SYSDATE(), 'SYS', NULL, NULL, '81C315C6-6A90-4ED2-A373-D81AD8D126D7', '克拉玛依', '84.92699,45.203919');
INSERT  INTO cities VALUES ( UUID(), SYSDATE(), 'SYS', NULL, NULL, '81C315C6-6A90-4ED2-A373-D81AD8D126D7', '克孜勒苏', '78.542165,41.145653');
INSERT  INTO cities VALUES ( UUID(), SYSDATE(), 'SYS', NULL, NULL, '81C315C6-6A90-4ED2-A373-D81AD8D126D7', '石河子', '86.041865,44.308259');
INSERT  INTO cities VALUES ( UUID(), SYSDATE(), 'SYS', NULL, NULL, '81C315C6-6A90-4ED2-A373-D81AD8D126D7', '图木舒克', '79.198155,39.889223');
INSERT  INTO cities VALUES ( UUID(), SYSDATE(), 'SYS', NULL, NULL, '81C315C6-6A90-4ED2-A373-D81AD8D126D7', '吐鲁番', '89.266025,42.678925');
INSERT  INTO cities VALUES ( UUID(), SYSDATE(), 'SYS', NULL, NULL, '81C315C6-6A90-4ED2-A373-D81AD8D126D7', '五家渠', '87.565449,44.368899');
INSERT  INTO cities VALUES ( UUID(), SYSDATE(), 'SYS', NULL, NULL, '81C315C6-6A90-4ED2-A373-D81AD8D126D7', '伊犁', '85.614899,42.127001');
INSERT  INTO cities VALUES ( UUID(), SYSDATE(), 'SYS', NULL, NULL, '301B1E52-335E-4698-ABFF-DAA4477357F7', '昆明', '102.714601,25.049153');
INSERT  INTO cities VALUES ( UUID(), SYSDATE(), 'SYS', NULL, NULL, '301B1E52-335E-4698-ABFF-DAA4477357F7', '怒江', '98.859932,25.860677');
INSERT  INTO cities VALUES ( UUID(), SYSDATE(), 'SYS', NULL, NULL, '301B1E52-335E-4698-ABFF-DAA4477357F7', '普洱', '100.980058,22.788778');
INSERT  INTO cities VALUES ( UUID(), SYSDATE(), 'SYS', NULL, NULL, '301B1E52-335E-4698-ABFF-DAA4477357F7', '丽江', '100.229628,26.875351');
INSERT  INTO cities VALUES ( UUID(), SYSDATE(), 'SYS', NULL, NULL, '301B1E52-335E-4698-ABFF-DAA4477357F7', '保山', '99.177996,25.120489');
INSERT  INTO cities VALUES ( UUID(), SYSDATE(), 'SYS', NULL, NULL, '301B1E52-335E-4698-ABFF-DAA4477357F7', '楚雄', '101.328638,24.880252');
INSERT  INTO cities VALUES ( UUID(), SYSDATE(), 'SYS', NULL, NULL, '301B1E52-335E-4698-ABFF-DAA4477357F7', '大理', '100.219209,25.693967');
INSERT  INTO cities VALUES ( UUID(), SYSDATE(), 'SYS', NULL, NULL, '301B1E52-335E-4698-ABFF-DAA4477357F7', '德宏', '98.589434,24.44124');
INSERT  INTO cities VALUES ( UUID(), SYSDATE(), 'SYS', NULL, NULL, '301B1E52-335E-4698-ABFF-DAA4477357F7', '迪庆', '99.713682,27.831029');
INSERT  INTO cities VALUES ( UUID(), SYSDATE(), 'SYS', NULL, NULL, '301B1E52-335E-4698-ABFF-DAA4477357F7', '红河', '103.384065,23.367718');
INSERT  INTO cities VALUES ( UUID(), SYSDATE(), 'SYS', NULL, NULL, '301B1E52-335E-4698-ABFF-DAA4477357F7', '临沧', '100.092613,23.887806');
INSERT  INTO cities VALUES ( UUID(), SYSDATE(), 'SYS', NULL, NULL, '301B1E52-335E-4698-ABFF-DAA4477357F7', '曲靖', '103.782539,25.520758');
INSERT  INTO cities VALUES ( UUID(), SYSDATE(), 'SYS', NULL, NULL, '301B1E52-335E-4698-ABFF-DAA4477357F7', '文山', '104.03094,23.41601');
INSERT  INTO cities VALUES ( UUID(), SYSDATE(), 'SYS', NULL, NULL, '301B1E52-335E-4698-ABFF-DAA4477357F7', '西双版纳', '100.803038,22.009433');
INSERT  INTO cities VALUES ( UUID(), SYSDATE(), 'SYS', NULL, NULL, '301B1E52-335E-4698-ABFF-DAA4477357F7', '玉溪', '102.545068,24.370447');
INSERT  INTO cities VALUES ( UUID(), SYSDATE(), 'SYS', NULL, NULL, '301B1E52-335E-4698-ABFF-DAA4477357F7', '昭通', '103.725021,27.340633');
INSERT  INTO cities VALUES ( UUID(), SYSDATE(), 'SYS', NULL, NULL, 'ADE76979-D6D6-4150-9F4E-E4BBD800704D', '杭州', '120.219375,30.259244');
INSERT  INTO cities VALUES ( UUID(), SYSDATE(), 'SYS', NULL, NULL, 'ADE76979-D6D6-4150-9F4E-E4BBD800704D', '湖州', '120.137243,30.877925');
INSERT  INTO cities VALUES ( UUID(), SYSDATE(), 'SYS', NULL, NULL, 'ADE76979-D6D6-4150-9F4E-E4BBD800704D', '嘉兴', '120.760428,30.773992');
INSERT  INTO cities VALUES ( UUID(), SYSDATE(), 'SYS', NULL, NULL, 'ADE76979-D6D6-4150-9F4E-E4BBD800704D', '金华', '119.652576,29.102899');
INSERT  INTO cities VALUES ( UUID(), SYSDATE(), 'SYS', NULL, NULL, 'ADE76979-D6D6-4150-9F4E-E4BBD800704D', '丽水', '119.929576,28.4563');
INSERT  INTO cities VALUES ( UUID(), SYSDATE(), 'SYS', NULL, NULL, 'ADE76979-D6D6-4150-9F4E-E4BBD800704D', '宁波', '121.579006,29.885259');
INSERT  INTO cities VALUES ( UUID(), SYSDATE(), 'SYS', NULL, NULL, 'ADE76979-D6D6-4150-9F4E-E4BBD800704D', '绍兴', '120.592467,30.002365');
INSERT  INTO cities VALUES ( UUID(), SYSDATE(), 'SYS', NULL, NULL, 'ADE76979-D6D6-4150-9F4E-E4BBD800704D', '台州', '121.440613,28.668283');
INSERT  INTO cities VALUES ( UUID(), SYSDATE(), 'SYS', NULL, NULL, 'ADE76979-D6D6-4150-9F4E-E4BBD800704D', '温州', '120.690635,28.002838');
INSERT  INTO cities VALUES ( UUID(), SYSDATE(), 'SYS', NULL, NULL, 'ADE76979-D6D6-4150-9F4E-E4BBD800704D', '舟山', '122.169872,30.03601');
INSERT  INTO cities VALUES ( UUID(), SYSDATE(), 'SYS', NULL, NULL, 'ADE76979-D6D6-4150-9F4E-E4BBD800704D', '衢州', '118.875842,28.95691');
INSERT  INTO cities VALUES ( UUID(), SYSDATE(), 'SYS', NULL, NULL, 'E6C0C5F7-F5C0-4659-AF3A-E64F3BA59DA6', '重庆', '106.530635,29.544606');
INSERT  INTO cities VALUES ( UUID(), SYSDATE(), 'SYS', NULL, NULL, 'CEA3524A-4BF3-4360-8754-FC394C294F23', '香港', '114.186124,22.293586');
INSERT  INTO cities VALUES ( UUID(), SYSDATE(), 'SYS', NULL, NULL, '3DD55460-C2A0-40D8-BB73-FD81B9D38D57', '澳门', '113.557519,22.204118');
INSERT  INTO cities VALUES ( UUID(), SYSDATE(), 'SYS', NULL, NULL, 'CE4CA921-1B65-4B3F-9C0B-FDB4B68DD37F', '台湾', '121.973871,24.086957');

insert into budgetcategories VALUES('5e28c57f-3f18-11e9-8c09-00163e033bc2',SYSDATE(),'SYS',NULL,NULL,'001','人工');
insert into budgetcategories VALUES('69aab259-3f18-11e9-8c09-00163e033bc2',SYSDATE(),'SYS',NULL,NULL,'002','机械');
insert into budgetcategories VALUES('6fc4a882-3f18-11e9-8c09-00163e033bc2',SYSDATE(),'SYS',NULL,NULL,'003','材料');
insert into budgetcategories VALUES('74de1186-3f18-11e9-8c09-00163e033bc2',SYSDATE(),'SYS',NULL,NULL,'004','外包');

insert into budgetsubcategories values ('9C1DA1E7-CCCF-4D6D-8CE3-01340F42B92F',SYSDATE(),'SYS',NULL,NULL,'5e28c57f-3f18-11e9-8c09-00163e033bc2','瓦工','个');
insert into budgetsubcategories values ('C4159801-FD0D-4D8B-8491-2332E874F4F8',SYSDATE(),'SYS',NULL,NULL,'5e28c57f-3f18-11e9-8c09-00163e033bc2','木工','个');
insert into budgetsubcategories values ('60A99DB4-282F-4BC6-8C37-28C6C26C3C25',SYSDATE(),'SYS',NULL,NULL,'5e28c57f-3f18-11e9-8c09-00163e033bc2','运输工','个');
insert into budgetsubcategories values ('B502B607-8243-4DB3-88BE-3758F622B156',SYSDATE(),'SYS',NULL,NULL,'69aab259-3f18-11e9-8c09-00163e033bc2','起重机','辆');
insert into budgetsubcategories values ('68CD432A-4A89-4128-B2A2-5728A0D6F7CB',SYSDATE(),'SYS',NULL,NULL,'69aab259-3f18-11e9-8c09-00163e033bc2','挖掘机','辆');
insert into budgetsubcategories values ('3AA7FDAE-0E11-4C41-96D9-7012B608F4FB',SYSDATE(),'SYS',NULL,NULL,'69aab259-3f18-11e9-8c09-00163e033bc2','卡车','辆');
insert into budgetsubcategories values ('6E3B8159-1622-416A-8E2B-87DC8FDC874E',SYSDATE(),'SYS',NULL,NULL,'6fc4a882-3f18-11e9-8c09-00163e033bc2','沙子','吨');
insert into budgetsubcategories values ('9807891C-35C5-4A16-A821-94C449490301',SYSDATE(),'SYS',NULL,NULL,'6fc4a882-3f18-11e9-8c09-00163e033bc2','水泥','吨');
insert into budgetsubcategories values ('96B4DBE0-C959-4EFB-B207-99E0A7DD1590',SYSDATE(),'SYS',NULL,NULL,'6fc4a882-3f18-11e9-8c09-00163e033bc2','钢管','根');
insert into budgetsubcategories values ('6AB01E33-258C-4EFF-B5C0-A1CC43760F1E',SYSDATE(),'SYS',NULL,NULL,'6fc4a882-3f18-11e9-8c09-00163e033bc2','泡沫','平方');
insert into budgetsubcategories values ('0753692B-AD52-4295-9B3D-DA11934CE055',SYSDATE(),'SYS',NULL,NULL,'74de1186-3f18-11e9-8c09-00163e033bc2','其他','其他');
